ticker,sector,company,n_observations,mean_daily_return,std_daily_return,min_daily_return,max_daily_return,median_daily_return,skewness,excess_kurtosis,annualised_mean_return,annualised_volatility
A,Health Care,Agilent Technologies,1706,0.000333,0.018589,-0.116666,0.093849,0.000805,-0.215592,4.203660,0.083994,0.295093
AAPL,Information Technology,Apple Inc.,1706,0.001055,0.019488,-0.137708,0.142617,0.001210,-0.014112,6.470725,0.265948,0.309363
ABBV,Health Care,AbbVie,1706,0.000783,0.016054,-0.177363,0.083582,0.001039,-1.701465,17.718966,0.197304,0.254848
ABT,Health Care,Abbott Laboratories,1706,0.000332,0.015631,-0.102982,0.103784,0.000695,-0.201883,6.915938,0.083774,0.248132
ACGL,Financials,Arch Capital Group,1706,0.000673,0.019686,-0.184827,0.142868,0.001276,-0.742593,12.217281,0.169687,0.312502
ACN,Information Technology,Accenture,1706,0.000339,0.017670,-0.097697,0.120954,0.001121,-0.021265,5.336334,0.085478,0.280497
ADBE,Information Technology,Adobe Inc.,1706,0.000175,0.023050,-0.183841,0.163133,0.001112,-0.882900,9.900621,0.044052,0.365901
ADI,Information Technology,Analog Devices,1706,0.000608,0.022206,-0.181700,0.168794,0.001025,-0.096642,8.331613,0.153341,0.352512
ADM,Consumer Staples,Archer Daniels Midland,1706,0.000296,0.018701,-0.277034,0.097757,0.001156,-2.267810,31.129868,0.074687,0.296872
ADP,Industrials,Automatic Data Processing,1706,0.000384,0.016266,-0.165495,0.111573,0.001104,-0.886721,14.785599,0.096881,0.258220
ADSK,Information Technology,Autodesk,1706,0.000382,0.023191,-0.168341,0.150130,0.000973,-0.419753,6.482654,0.096225,0.368140
AEE,Utilities,Ameren,1706,0.000302,0.015108,-0.143808,0.163830,0.000612,-0.491736,20.239938,0.076103,0.239827
AEP,Utilities,American Electric Power,1706,0.000333,0.014520,-0.123103,0.110490,0.000807,-0.255280,9.995372,0.084020,0.230495
AES,Utilities,AES Corporation,1706,0.000011,0.025204,-0.189963,0.180513,0.000635,-0.325884,8.618513,0.002737,0.400098
AFL,Financials,Aflac,1706,0.000563,0.018393,-0.179501,0.232512,0.001444,-0.277496,32.624799,0.141921,0.291972
AIG,Financials,American International Group,1706,0.000506,0.023182,-0.233761,0.172341,0.001058,-1.017511,16.189690,0.127437,0.367998
AIZ,Financials,Assurant,1706,0.000620,0.018457,-0.219849,0.132329,0.001458,-1.129186,20.958946,0.156239,0.292991
AJG,Financials,Arthur J. Gallagher & Co.,1706,0.000754,0.015732,-0.165289,0.124275,0.001740,-1.135220,14.151886,0.189969,0.249739
AKAM,Information Technology,Akamai Technologies,1706,0.000108,0.019866,-0.244981,0.137257,0.001078,-1.676966,22.108062,0.027315,0.315366
ALB,Materials,Albemarle Corporation,1706,0.000356,0.033659,-0.222026,0.175039,0.000979,-0.477492,3.690266,0.089790,0.534324
ALGN,Health Care,Align Technology,1706,-0.000312,0.034099,-0.456120,0.299854,-0.000877,-1.675901,32.816834,-0.078506,0.541312
ALL,Financials,Allstate,1706,0.000565,0.017572,-0.151860,0.101690,0.000889,-1.005741,9.960758,0.142437,0.278945
ALLE,Industrials,Allegion,1706,0.000399,0.018283,-0.131931,0.117201,0.000874,-0.259394,7.286732,0.100550,0.290236
AMAT,Information Technology,Applied Materials,1706,0.001138,0.028638,-0.227624,0.149331,0.001445,-0.518681,4.817598,0.286669,0.454610
AMCR,Materials,Amcor,1706,0.000033,0.017895,-0.176083,0.150792,0.000000,-0.632081,15.939071,0.008304,0.284071
AMD,Information Technology,Advanced Micro Devices,1706,0.001243,0.033230,-0.158280,0.213663,0.000399,0.285558,3.634649,0.313188,0.527517
AME,Industrials,Ametek,1706,0.000573,0.016650,-0.176334,0.154568,0.000937,-0.961796,20.397560,0.144270,0.264312
AMGN,Health Care,Amgen,1706,0.000437,0.016181,-0.086220,0.111702,0.000276,0.388897,6.504603,0.110042,0.256865
AMP,Financials,Ameriprise Financial,1706,0.000854,0.023175,-0.272099,0.204049,0.001634,-0.593775,22.670603,0.215310,0.367897
AMT,Real Estate,American Tower,1706,0.000056,0.018060,-0.164448,0.115308,0.000275,-0.086760,7.898555,0.014199,0.286695
AMZN,Consumer Discretionary,Amazon,1706,0.000553,0.021558,-0.151398,0.126949,0.000743,-0.072351,4.708753,0.139345,0.342228
ANET,Information Technology,Arista Networks,1706,0.001143,0.028674,-0.277525,0.185551,0.001849,-0.784669,13.429375,0.287955,0.455186
AON,Financials,Aon plc,1706,0.000474,0.015964,-0.182759,0.132190,0.000761,-0.643774,17.355176,0.119558,0.253429
AOS,Industrials,A. O. Smith,1706,0.000221,0.018226,-0.098615,0.128102,0.000545,0.070805,3.860388,0.055663,0.289327
APA,Energy,APA Corporation,1706,-0.000111,0.043734,-0.773593,0.258251,0.000873,-3.532900,64.274812,-0.028098,0.694253
APD,Materials,Air Products,1706,0.000264,0.018283,-0.169032,0.128598,0.000789,-0.920372,13.672249,0.066599,0.290237
APH,Information Technology,Amphenol,1706,0.001055,0.018402,-0.149373,0.096868,0.001615,-0.760509,7.906686,0.265956,0.292122
APO,Financials,Apollo Global Management,1706,0.001067,0.026008,-0.173178,0.232993,0.001494,-0.009675,9.734705,0.268798,0.412870
APTV,Consumer Discretionary,Aptiv,1706,-0.000026,0.028679,-0.364602,0.190239,0.000547,-1.719600,23.241594,-0.006668,0.455264
ARE,Real Estate,Alexandria Real Estate Equities,1706,-0.000465,0.019978,-0.212859,0.119522,0.000396,-1.243748,15.569027,-0.117196,0.317142
ARES,Financials,Ares Management,1706,0.001255,0.023499,-0.168131,0.168949,0.001976,-0.347337,7.163554,0.316252,0.373041
ATO,Utilities,Atmos Energy,1706,0.000391,0.014644,-0.133488,0.143080,0.000997,0.056774,14.396428,0.098431,0.232460
AVGO,Information Technology,Broadcom,1706,0.001556,0.026622,-0.222055,0.218594,0.001432,-0.118703,10.966455,0.392199,0.422609
AVY,Materials,Avery Dennison,1706,0.000364,0.018423,-0.142381,0.205955,0.000329,0.358645,14.332640,0.091694,0.292461
AWK,Utilities,American Water Works,1706,0.000203,0.016448,-0.133929,0.153345,0.000755,-0.083689,11.133107,0.051273,0.261106
AXON,Industrials,Axon Enterprise,1706,0.001394,0.031082,-0.179377,0.252146,0.002241,0.571223,9.991783,0.351313,0.493411
AXP,Financials,American Express,1706,0.000760,0.022276,-0.160388,0.197885,0.000751,0.577062,14.829734,0.191416,0.353616
AZO,Consumer Discretionary,AutoZone,1706,0.000727,0.016975,-0.173605,0.111381,0.000786,-1.201356,14.369948,0.183236,0.269466
BA,Industrials,Boeing,1706,-0.000308,0.029740,-0.272444,0.217677,-0.000228,-0.388180,13.565772,-0.077677,0.472100
BAC,Financials,Bank of America,1706,0.000479,0.020926,-0.167205,0.163786,0.000547,-0.115618,10.860604,0.120707,0.332182
BALL,Materials,Ball Corporation,1706,-0.000009,0.019562,-0.205581,0.125703,0.000423,-0.515207,11.794934,-0.002378,0.310542
BAX,Health Care,Baxter International,1706,-0.000744,0.020018,-0.253915,0.117706,0.000231,-2.191945,23.039233,-0.187553,0.317775
BBY,Consumer Discretionary,Best Buy,1706,0.000134,0.024603,-0.196498,0.155193,0.000635,-0.406660,8.645833,0.033810,0.390565
BDX,Health Care,Becton Dickinson,1706,-0.000057,0.015984,-0.200065,0.107724,0.000382,-1.695585,21.236769,-0.014410,0.253734
BEN,Financials,Franklin Resources,1706,0.000004,0.022656,-0.146373,0.126751,0.000000,-0.196478,5.538393,0.000966,0.359650
BF-B,Consumer Staples,Brown–Forman,1706,-0.000322,0.018312,-0.197496,0.137384,0.000000,-0.921550,15.554231,-0.081084,0.290701
BG,Consumer Staples,Bunge Global,1706,0.000443,0.020404,-0.154104,0.135199,0.000825,-0.498812,6.660914,0.111543,0.323911
BIIB,Health Care,Biogen,1706,-0.000352,0.027446,-0.345742,0.364462,-0.000601,1.695309,72.650622,-0.088589,0.435697
BKNG,Consumer Discretionary,Booking Holdings,1706,0.000657,0.021804,-0.119205,0.171868,0.000852,-0.009415,6.294998,0.165564,0.346128
BKR,Energy,Baker Hughes,1706,0.000393,0.026593,-0.251847,0.187133,0.000989,-0.400835,10.175267,0.099143,0.422147
BLDR,Industrials,Builders FirstSource,1706,0.001212,0.032048,-0.264883,0.210109,0.001582,-0.379251,9.092016,0.305350,0.508746
BLK,Financials,BlackRock,1706,0.000633,0.018813,-0.146815,0.126843,0.001143,-0.123135,8.826037,0.159489,0.298642
BMY,Health Care,Bristol Myers Squibb,1706,0.000201,0.015251,-0.088986,0.108338,0.000185,-0.005282,5.839877,0.050690,0.242098
BR,Industrials,Broadridge Financial Solutions,1706,0.000527,0.015439,-0.092206,0.118178,0.000953,-0.061424,6.740896,0.132852,0.245087
BRK-B,Financials,Berkshire Hathaway,1706,0.000531,0.012926,-0.100838,0.109840,0.000719,-0.272711,12.262106,0.133734,0.205193
BRO,Financials,Brown & Brown,1706,0.000627,0.016304,-0.135254,0.115605,0.001376,-0.861150,9.014664,0.158029,0.258815
BSX,Health Care,Boston Scientific,1706,0.000541,0.017050,-0.159993,0.088494,0.000939,-0.902305,8.447253,0.136437,0.270667
BX,Financials,Blackstone Inc.,1706,0.001009,0.024800,-0.167188,0.153794,0.001447,-0.273816,5.753329,0.254336,0.393689
BXP,Real Estate,"BXP, Inc.",1706,-0.000201,0.022880,-0.188698,0.189988,0.000467,-0.142275,9.245926,-0.050645,0.363215
C,Financials,Citigroup,1706,0.000490,0.023185,-0.214414,0.165381,0.000755,-0.545284,13.155269,0.123358,0.368052
CAG,Consumer Staples,Conagra Brands,1706,-0.000004,0.016772,-0.128949,0.147292,0.000285,0.004388,10.730951,-0.000977,0.266254
CAH,Health Care,Cardinal Health,1706,0.000952,0.018369,-0.153840,0.143453,0.001106,-0.217502,9.892809,0.239817,0.291599
CAT,Industrials,Caterpillar Inc.,1706,0.000942,0.019915,-0.154110,0.110061,0.001007,-0.215640,5.188467,0.237306,0.316147
CB,Financials,Chubb Limited,1706,0.000560,0.016757,-0.183603,0.085028,0.000792,-0.958563,13.553361,0.141227,0.266012
CBOE,Financials,Cboe Global Markets,1706,0.000623,0.016671,-0.154697,0.126853,0.000832,-0.720864,12.003868,0.157115,0.264643
CBRE,Real Estate,CBRE Group,1706,0.000692,0.022435,-0.188811,0.155321,0.000962,-0.185931,9.672063,0.174414,0.356152
CCI,Real Estate,Crown Castle,1706,-0.000035,0.017719,-0.132675,0.107414,0.000650,-0.046036,5.771517,-0.008761,0.281282
CCL,Consumer Discretionary,Carnival,1706,-0.000335,0.042760,-0.403190,0.331394,-0.000475,-0.990148,14.418735,-0.084511,0.678791
CDNS,Information Technology,Cadence Design Systems,1706,0.000953,0.022816,-0.134653,0.133224,0.001239,-0.055685,4.146783,0.240277,0.362190
CDW,Information Technology,CDW Corporation,1706,0.000245,0.020247,-0.152523,0.102075,0.000836,-0.919766,8.770273,0.061803,0.321415
CF,Materials,CF Industries,1706,0.000462,0.025116,-0.167128,0.150514,0.000556,-0.418240,4.520548,0.116322,0.398707
CFG,Financials,Citizens Financial Group,1706,0.000488,0.027010,-0.245475,0.156970,0.001036,-0.683311,12.077045,0.122927,0.428778
CHD,Consumer Staples,Church & Dwight,1706,0.000189,0.014091,-0.089537,0.128118,0.000850,-0.204066,9.227414,0.047633,0.223680
CHRW,Industrials,C.H. Robinson,1706,0.000457,0.019214,-0.160727,0.179897,0.000827,0.271856,17.190933,0.115157,0.305008
CHTR,Communication Services,Charter Communications,1706,-0.000323,0.021679,-0.204406,0.153747,0.000552,-1.162325,14.620942,-0.081497,0.344137
CI,Health Care,Cigna,1706,0.000342,0.021112,-0.191052,0.154272,0.000787,-0.619772,13.367462,0.086209,0.335142
CINF,Financials,Cincinnati Financial,1706,0.000490,0.020537,-0.149754,0.155562,0.001099,-0.387416,11.446175,0.123567,0.326018
CL,Consumer Staples,Colgate-Palmolive,1706,0.000207,0.012817,-0.102951,0.118745,0.000505,0.005166,10.396853,0.052173,0.203466
CLX,Consumer Staples,Clorox,1706,-0.000139,0.016239,-0.156340,0.124648,0.000587,-0.644988,11.971056,-0.034906,0.257787
CMCSA,Communication Services,Comcast,1706,-0.000059,0.017308,-0.116546,0.118355,0.000332,-0.432770,6.780596,-0.014977,0.274760
CME,Financials,CME Group,1706,0.000440,0.016499,-0.203207,0.111902,0.001026,-1.594671,25.003067,0.110769,0.261917
CMG,Consumer Discretionary,Chipotle Mexican Grill,1706,0.000599,0.022215,-0.200699,0.141925,0.000811,-0.284090,10.854838,0.150959,0.352654
CMI,Industrials,Cummins,1706,0.000789,0.018362,-0.125323,0.191829,0.000905,0.409051,10.608097,0.198918,0.291495
CMS,Utilities,CMS Energy,1706,0.000262,0.014309,-0.131081,0.129441,0.001202,-0.335600,11.561983,0.066000,0.227148
CNC,Health Care,Centene Corporation,1706,-0.000208,0.026449,-0.517023,0.144987,0.000246,-4.392079,87.815067,-0.052420,0.419860
CNP,Utilities,CenterPoint Energy,1706,0.000252,0.018652,-0.219933,0.160313,0.000858,-1.588244,30.284548,0.063576,0.296095
COF,Financials,Capital One,1706,0.000696,0.026308,-0.272784,0.171887,0.000958,-0.525813,12.947511,0.175514,0.417633
COO,Health Care,Cooper Companies (The),1706,0.000070,0.018839,-0.157910,0.111866,0.000385,-0.638485,10.503156,0.017614,0.299066
COP,Energy,ConocoPhillips,1706,0.000330,0.026067,-0.285552,0.224853,0.000000,-0.655265,16.072572,0.083222,0.413807
COR,Health Care,Cencora,1706,0.000991,0.016324,-0.111552,0.111677,0.001250,0.100284,7.256850,0.249836,0.259143
COST,Consumer Staples,Costco,1706,0.000814,0.014470,-0.132975,0.094942,0.001141,-0.372329,8.948459,0.205085,0.229707
CPAY,Financials,Corpay,1706,0.000137,0.021645,-0.121097,0.147946,0.000820,-0.041843,6.387643,0.034512,0.343599
CPB,Consumer Staples,Campbell's Company (The),1706,-0.000023,0.015592,-0.093375,0.096297,0.000000,-0.152927,5.702410,-0.005846,0.247516
CPRT,Industrials,Copart,1706,0.000571,0.018122,-0.151511,0.160015,0.001069,-0.214279,10.248607,0.143817,0.287675
CPT,Real Estate,Camden Property Trust,1706,0.000199,0.017083,-0.197122,0.105305,0.000770,-0.924132,15.828941,0.050226,0.271184
CRH,Materials,CRH plc,1706,0.000910,0.021004,-0.197928,0.125134,0.001134,-0.660510,11.329797,0.229390,0.333425
CRL,Health Care,Charles River Laboratories,1706,0.000186,0.026103,-0.330307,0.171271,0.000388,-1.371558,20.479229,0.046996,0.414367
CRM,Information Technology,Salesforce,1706,0.000290,0.023588,-0.219863,0.231468,0.000860,-0.179020,13.203212,0.073058,0.374455
CSCO,Information Technology,Cisco,1706,0.000334,0.016845,-0.147692,0.125517,0.000513,-0.802045,12.771792,0.084262,0.267406
CSGP,Real Estate,CoStar Group,1706,0.000216,0.021445,-0.162500,0.145676,0.000352,0.003709,7.726433,0.054505,0.340422
CSX,Industrials,CSX Corporation,1706,0.000288,0.017576,-0.169017,0.152291,0.000364,-0.461235,13.162685,0.072648,0.279004
CTAS,Industrials,Cintas,1706,0.000800,0.018369,-0.184656,0.136791,0.001438,-0.850595,16.135101,0.201648,0.291604
CTSH,Information Technology,Cognizant,1706,0.000145,0.018979,-0.188498,0.139423,0.000642,-0.855415,14.967679,0.036459,0.301277
CVNA,Consumer Discretionary,Carvana,1706,0.001164,0.065891,-0.560734,0.444818,0.001334,0.107661,10.004591,0.293231,1.045992
CVS,Health Care,CVS Health,1706,0.000331,0.018942,-0.184362,0.139288,0.000850,-0.679098,12.356698,0.083470,0.300699
CVX,Energy,Chevron Corporation,1706,0.000292,0.020666,-0.250062,0.204904,0.000873,-1.123182,26.130897,0.073589,0.328061
D,Utilities,Dominion Energy,1706,0.000029,0.016566,-0.131399,0.158988,0.000390,-0.397160,14.737336,0.007393,0.262978
DAL,Industrials,Delta Air Lines,1706,0.000226,0.029579,-0.301003,0.210127,0.000000,-0.479017,14.230665,0.056829,0.469554
DD,Materials,DuPont,1706,0.000197,0.021624,-0.151343,0.163948,0.000129,-0.166293,9.158022,0.049597,0.343276
DE,Industrials,Deere & Company,1706,0.000686,0.019973,-0.151662,0.125401,0.000907,-0.470970,7.092099,0.172947,0.317056
DECK,Consumer Discretionary,Deckers Brands,1706,0.000856,0.028266,-0.229483,0.173467,0.001416,-0.688321,10.727277,0.215709,0.448708
DELL,Information Technology,Dell Technologies,1706,0.000887,0.027960,-0.210557,0.274737,0.001022,0.132995,12.317619,0.223591,0.443845
DG,Consumer Staples,Dollar General,1706,0.000126,0.021658,-0.387816,0.147113,0.000264,-3.680564,70.915870,0.031853,0.343817
DGX,Health Care,Quest Diagnostics,1706,0.000474,0.015922,-0.113465,0.118598,0.000638,-0.027028,8.470171,0.119406,0.252747
DHI,Consumer Discretionary,D. R. Horton,1706,0.000805,0.024545,-0.226010,0.156825,0.001368,-0.380409,8.194382,0.202753,0.389634
DHR,Health Care,Danaher Corporation,1706,0.000422,0.017548,-0.102343,0.094196,0.000942,-0.083491,4.558853,0.106234,0.278573
DIS,Communication Services,Walt Disney Company (The),1706,0.000041,0.020344,-0.141139,0.134639,-0.000092,0.105585,9.267594,0.010224,0.322957
DLR,Real Estate,Digital Realty,1706,0.000302,0.019077,-0.116237,0.111941,0.000856,0.002474,5.403357,0.076152,0.302834
DLTR,Consumer Staples,Dollar Tree,1706,0.000114,0.024908,-0.250457,0.197747,0.000407,-1.055398,17.761561,0.028610,0.395409
DOC,Real Estate,Healthpeak Properties,1706,-0.000175,0.020240,-0.259216,0.138792,0.000292,-1.249344,22.027503,-0.044064,0.321299
DOV,Industrials,Dover Corporation,1706,0.000502,0.017917,-0.178033,0.133952,0.000712,-0.723820,13.408664,0.126601,0.284431
DOW,Materials,Dow Inc.,1706,-0.000222,0.024069,-0.244083,0.189869,0.000000,-0.908217,14.990242,-0.055892,0.382085
DPZ,Consumer Discretionary,Domino's,1706,0.000360,0.019575,-0.145853,0.227939,0.000219,0.756987,16.882554,0.090785,0.310737
DRI,Consumer Discretionary,Darden Restaurants,1706,0.000420,0.025351,-0.283201,0.272641,0.000217,-0.351574,29.375060,0.105851,0.402433
DTE,Utilities,DTE Energy,1706,0.000258,0.015745,-0.149719,0.119041,0.001238,-1.029873,18.613273,0.064914,0.249945
DUK,Utilities,Duke Energy,1706,0.000318,0.014211,-0.122191,0.116011,0.000828,-0.193041,13.686910,0.080062,0.225590
DVA,Health Care,DaVita,1706,0.000439,0.022633,-0.315950,0.121549,0.001221,-2.249335,29.156196,0.110663,0.359290
DVN,Energy,Devon Energy,1706,0.000287,0.034728,-0.468359,0.191216,0.000457,-1.383501,23.062258,0.072278,0.551287
DXCM,Health Care,Dexcom,1706,0.000350,0.031437,-0.521858,0.240238,0.001594,-2.534598,48.812276,0.088161,0.499044
EBAY,Consumer Discretionary,eBay Inc.,1706,0.000573,0.020583,-0.172962,0.168016,0.000928,-0.425121,8.371449,0.144335,0.326745
ECL,Materials,Ecolab,1706,0.000281,0.017779,-0.124910,0.200170,0.000940,0.084674,16.875435,0.070874,0.282234
ED,Utilities,Consolidated Edison,1706,0.000242,0.014464,-0.140809,0.165632,0.000865,-0.176847,20.445881,0.060965,0.229610
EFX,Industrials,Equifax,1706,0.000417,0.020664,-0.098434,0.139245,0.001058,0.023104,5.457628,0.105123,0.328027
EG,Financials,Everest Group,1706,0.000359,0.018937,-0.154362,0.110877,0.001016,-0.773035,8.351940,0.090433,0.300614
EIX,Utilities,Edison International,1706,0.000146,0.018503,-0.143101,0.124780,0.000957,-0.783676,9.059629,0.036802,0.293722
EL,Consumer Staples,Estée Lauder Companies (The),1706,-0.000197,0.025225,-0.234394,0.117919,0.000342,-1.379146,13.491672,-0.049641,0.400435
ELV,Health Care,Elevance Health,1706,0.000138,0.020960,-0.187856,0.145117,0.000399,-0.687200,11.400023,0.034840,0.332728
EME,Industrials,Emcor,1706,0.001257,0.022670,-0.212200,0.134509,0.001589,-1.288535,15.587291,0.316771,0.359868
EMR,Industrials,Emerson Electric,1706,0.000482,0.019799,-0.210193,0.151295,0.000755,-0.859679,16.011347,0.121353,0.314299
EOG,Energy,EOG Resources,1706,0.000218,0.027746,-0.385769,0.153324,0.000147,-1.501124,25.030697,0.054916,0.440453
EPAM,Information Technology,EPAM Systems,1706,0.000115,0.033720,-0.610210,0.224636,0.001627,-4.042388,72.539290,0.028999,0.535289
EQIX,Real Estate,Equinix,1706,0.000388,0.018404,-0.135417,0.109769,0.000643,-0.062984,5.926601,0.097761,0.292153
EQT,Energy,EQT Corporation,1706,0.000598,0.033721,-0.206504,0.317143,0.000000,0.445713,6.716380,0.150681,0.535302
ERIE,Financials,Erie Indemnity,1706,0.000378,0.020299,-0.162175,0.165679,0.001149,-0.132894,13.530860,0.095219,0.322244
ES,Utilities,Eversource Energy,1706,0.000115,0.017143,-0.137201,0.138021,0.000794,-0.421570,13.158311,0.028996,0.272138
ESS,Real Estate,Essex Property Trust,1706,0.000084,0.018261,-0.209250,0.113450,0.001047,-0.997117,15.152920,0.021104,0.289883
ETN,Industrials,Eaton Corporation,1706,0.000879,0.020491,-0.169183,0.209163,0.001265,-0.166414,13.393347,0.221575,0.325282
ETR,Utilities,Entergy,1706,0.000543,0.016833,-0.171134,0.141185,0.000885,-0.455633,18.357743,0.136773,0.267211
EVRG,Utilities,Evergy,1706,0.000298,0.016091,-0.175071,0.148837,0.001271,-0.862550,25.631705,0.075027,0.255439
EW,Health Care,Edwards Lifesciences,1706,0.000178,0.021807,-0.376001,0.162051,0.000453,-3.344046,58.520182,0.044747,0.346170
EXC,Utilities,Exelon,1706,0.000268,0.016641,-0.175415,0.165465,0.000910,-0.262724,20.080298,0.067479,0.264164
EXPD,Industrials,Expeditors International,1706,0.000453,0.016463,-0.103571,0.121714,0.000623,-0.117378,6.409483,0.114133,0.261339
EXPE,Consumer Discretionary,Expedia Group,1706,0.000504,0.030681,-0.320016,0.219671,0.000745,-0.810092,16.907106,0.126933,0.487047
EXR,Real Estate,Extra Space Storage,1706,0.000306,0.018537,-0.168052,0.100470,0.000674,-0.755572,8.817505,0.077238,0.294263
F,Consumer Discretionary,Ford Motor Company,1706,0.000453,0.025959,-0.202868,0.210596,0.000000,-0.169904,7.351792,0.114161,0.412091
FANG,Energy,Diamondback Energy,1706,0.000358,0.035395,-0.591418,0.269737,0.001274,-2.662201,51.437873,0.090106,0.561873
FAST,Industrials,Fastenal,1706,0.000653,0.017213,-0.116777,0.158288,0.000976,0.469082,9.595115,0.164557,0.273253
FCX,Materials,Freeport-McMoRan,1706,0.000856,0.031183,-0.199129,0.259935,0.000233,-0.178050,6.586575,0.215732,0.495013
FDS,Financials,FactSet,1706,0.000157,0.017898,-0.117682,0.140840,0.001441,-0.251336,9.560508,0.039627,0.284126
FDX,Industrials,FedEx,1706,0.000366,0.023052,-0.240847,0.144340,0.000658,-1.129152,15.627785,0.092147,0.365937
FE,Utilities,FirstEnergy,1706,0.000220,0.017356,-0.234522,0.156480,0.001229,-2.653659,41.524665,0.055314,0.275514
FFIV,Information Technology,"F5, Inc.",1706,0.000298,0.019497,-0.137436,0.122134,0.000598,-0.323451,6.979237,0.075134,0.309510
FICO,Information Technology,Fair Isaac,1706,0.001090,0.025830,-0.232078,0.270786,0.001547,0.199708,17.028089,0.274632,0.410034
FIS,Financials,Fidelity National Information Services,1706,-0.000202,0.021583,-0.329175,0.151092,0.000537,-2.703047,39.181160,-0.050947,0.342619
FISV,Financials,Fiserv,1706,-0.000129,0.024321,-0.580600,0.118072,0.001065,-8.929612,197.845141,-0.032552,0.386081
FITB,Financials,Fifth Third Bancorp,1706,0.000494,0.025571,-0.245658,0.169771,0.000745,-0.621160,12.970224,0.124559,0.405928
FIX,Industrials,Comfort Systems USA,1706,0.001716,0.028978,-0.297235,0.201886,0.001599,-0.782316,14.973221,0.432308,0.460007
FOX,Communication Services,Fox Corporation (Class B),1706,0.000378,0.019664,-0.109888,0.124400,0.000691,-0.165634,4.770139,0.095367,0.312149
FOXA,Communication Services,Fox Corporation (Class A),1706,0.000429,0.020194,-0.118081,0.116686,0.000897,-0.162314,4.510042,0.108035,0.320571
FRT,Real Estate,Federal Realty Investment Trust,1706,0.000001,0.021009,-0.240216,0.284449,0.000307,0.061430,37.992552,0.000127,0.333506
FSLR,Information Technology,First Solar,1706,0.000906,0.032946,-0.197095,0.234876,0.000131,0.372617,5.132145,0.228413,0.523000
FTNT,Information Technology,Fortinet,1706,0.000899,0.027756,-0.288562,0.225542,0.002007,-1.097249,18.266063,0.226649,0.440619
FTV,Industrials,Fortive,1706,0.000048,0.017988,-0.155861,0.172514,0.000307,-0.438244,12.450257,0.012047,0.285557
GD,Industrials,General Dynamics,1706,0.000498,0.015061,-0.115705,0.087530,0.001037,-0.431208,7.489031,0.125604,0.239082
GDDY,Information Technology,GoDaddy,1706,0.000288,0.022182,-0.212734,0.161360,0.001086,-0.484235,13.759188,0.072700,0.352129
GE,Industrials,GE Aerospace,1706,0.001073,0.023935,-0.164394,0.137411,0.001001,-0.271818,6.042823,0.270364,0.379962
GEN,Information Technology,Gen Digital,1706,0.000498,0.020231,-0.142539,0.142707,0.000000,0.074403,9.442096,0.125603,0.321156
GILD,Health Care,Gilead Sciences,1706,0.000529,0.016206,-0.107029,0.121511,0.000456,0.457662,6.442540,0.133202,0.257255
GIS,Consumer Staples,General Mills,1706,0.000115,0.013967,-0.121161,0.111393,0.000495,-0.432277,8.024983,0.029092,0.221721
GL,Financials,Globe Life,1706,0.000347,0.026851,-0.758010,0.183778,0.001228,-13.134368,376.399734,0.087466,0.426245
GLW,Information Technology,Corning Inc.,1706,0.000662,0.020764,-0.179169,0.123248,0.001188,-0.272264,9.053611,0.166788,0.329618
GM,Consumer Discretionary,General Motors,1706,0.000508,0.025487,-0.190227,0.181848,0.000948,-0.171623,6.520360,0.128026,0.404591
GNRC,Industrials,Generac,1706,0.000570,0.031559,-0.292250,0.179100,0.000815,-0.766910,9.531275,0.143699,0.500982
GOOG,Communication Services,Alphabet Inc. (Class C),1706,0.000963,0.019811,-0.117667,0.099380,0.001864,-0.151777,4.221742,0.242562,0.314482
GOOGL,Communication Services,Alphabet Inc. (Class A),1706,0.000960,0.019883,-0.123685,0.097348,0.001536,-0.160345,4.136057,0.241896,0.315635
GPC,Consumer Discretionary,Genuine Parts Company,1706,0.000194,0.019407,-0.235322,0.189948,0.000999,-1.097602,26.382470,0.048920,0.308081
GPN,Financials,Global Payments,1706,-0.000290,0.023626,-0.212806,0.196196,0.000455,-0.611340,12.659740,-0.073114,0.375048
GRMN,Consumer Discretionary,Garmin,1706,0.000605,0.018696,-0.162624,0.209007,0.001084,0.435015,18.989675,0.152562,0.296791
GS,Financials,Goldman Sachs,1706,0.000978,0.019960,-0.135880,0.161952,0.000812,-0.087513,9.742104,0.246422,0.316861
GWW,Industrials,W. W. Grainger,1706,0.000767,0.017684,-0.147538,0.130490,0.001053,-0.163973,10.013188,0.193196,0.280725
HAL,Energy,Halliburton,1706,0.000043,0.033517,-0.472302,0.235284,0.000263,-1.886887,30.045171,0.010834,0.532065
HAS,Consumer Discretionary,Hasbro,1706,0.000121,0.023061,-0.207052,0.196139,0.000860,-0.319666,15.419960,0.030545,0.366085
HBAN,Financials,Huntington Bancshares,1706,0.000354,0.023979,-0.184268,0.163257,0.000563,-0.292891,8.187342,0.089230,0.380652
HCA,Health Care,HCA Healthcare,1706,0.000761,0.022537,-0.246195,0.203429,0.001334,-0.834108,20.509566,0.191799,0.357766
HD,Consumer Discretionary,Home Depot (The),1706,0.000457,0.017204,-0.220570,0.128840,0.000732,-1.408604,21.535245,0.115101,0.273101
HIG,Financials,Hartford (The),1706,0.000703,0.020678,-0.238429,0.244476,0.001402,-0.498081,37.248978,0.177039,0.328253
HII,Industrials,Huntington Ingalls Industries,1706,0.000384,0.020427,-0.303279,0.116505,0.000821,-2.661237,38.122126,0.096862,0.324271
HLT,Consumer Discretionary,Hilton Worldwide,1706,0.000725,0.019859,-0.134347,0.131474,0.001004,-0.110967,5.832172,0.182774,0.315246
HON,Industrials,Honeywell,1706,0.000247,0.016326,-0.128821,0.140356,0.000717,-0.169241,10.589120,0.062162,0.259161
HPE,Information Technology,Hewlett Packard Enterprise,1706,0.000369,0.024218,-0.166225,0.147620,0.001682,-0.505016,7.155270,0.092935,0.384444
HPQ,Information Technology,HP Inc.,1706,0.000199,0.023565,-0.172360,0.156587,0.001670,-0.528738,9.547515,0.050235,0.374088
HRL,Consumer Staples,Hormel Foods,1706,-0.000233,0.015132,-0.140348,0.135961,0.000422,-0.490636,16.587033,-0.058598,0.240208
HSIC,Health Care,Henry Schein,1706,0.000134,0.018180,-0.101331,0.102401,0.000125,-0.068156,4.583382,0.033804,0.288594
HST,Real Estate,Host Hotels & Resorts,1706,0.000106,0.023793,-0.170646,0.262584,0.000522,0.759403,13.699300,0.026589,0.377710
HSY,Consumer Staples,Hershey Company (The),1706,0.000388,0.015243,-0.180655,0.102982,0.000618,-1.037299,18.395896,0.097690,0.241972
HUBB,Industrials,Hubbell Incorporated,1706,0.000849,0.019591,-0.132596,0.128705,0.001372,-0.291233,6.552326,0.214074,0.311003
HUM,Health Care,Humana,1706,-0.000007,0.023344,-0.215315,0.139171,0.000779,-0.985411,12.542339,-0.001737,0.370573
HWM,Industrials,Howmet Aerospace,1706,0.001557,0.025409,-0.179172,0.233928,0.001810,0.274539,11.730733,0.392408,0.403354
IBKR,Financials,Interactive Brokers,1706,0.000951,0.022212,-0.139429,0.149456,0.001734,-0.141916,5.104519,0.239728,0.352607
IBM,Information Technology,IBM,1706,0.000639,0.016733,-0.137548,0.121900,0.001043,-0.471735,10.669120,0.161101,0.265621
ICE,Financials,Intercontinental Exchange,1706,0.000516,0.014797,-0.131081,0.097009,0.000983,-0.878236,10.724111,0.130017,0.234897
IDXX,Health Care,Idexx Laboratories,1706,0.000660,0.021959,-0.127116,0.242897,0.001193,0.848912,12.032417,0.166425,0.348596
IEX,Industrials,IDEX Corporation,1706,0.000154,0.016432,-0.123051,0.084964,0.000519,-0.806404,7.617307,0.038891,0.260844
IFF,Materials,International Flavors & Fragrances,1706,-0.000243,0.020991,-0.215271,0.146802,0.000282,-1.535336,18.381709,-0.061194,0.333226
INCY,Health Care,Incyte,1706,0.000079,0.019983,-0.098572,0.113698,0.000000,0.015989,3.434273,0.019919,0.317220
INTC,Information Technology,Intel,1706,-0.000137,0.028808,-0.301896,0.205151,0.000000,-0.548925,13.876294,-0.034514,0.457319
INTU,Information Technology,Intuit,1706,0.000583,0.022169,-0.156380,0.182989,0.001123,0.053642,6.130638,0.147016,0.351920
INVH,Real Estate,Invitation Homes,1706,0.000214,0.017738,-0.268520,0.117438,0.000349,-2.111431,35.685260,0.053941,0.281581
IP,Materials,International Paper,1706,0.000130,0.021441,-0.137508,0.155647,0.000274,-0.168670,8.158157,0.032791,0.340365
IQV,Health Care,IQVIA,1706,0.000266,0.021155,-0.180781,0.164486,0.000230,0.010952,10.727304,0.066963,0.335829
IR,Industrials,Ingersoll Rand,1706,0.000647,0.021474,-0.174936,0.148789,0.000471,-0.426721,8.496677,0.162997,0.340897
IRM,Real Estate,Iron Mountain,1706,0.000724,0.020213,-0.162986,0.113312,0.001507,-0.564910,7.391659,0.182364,0.320876
ISRG,Health Care,Intuitive Surgical,1706,0.000641,0.021815,-0.154739,0.160791,0.001714,-0.008158,8.287101,0.161500,0.346309
IT,Information Technology,Gartner,1706,0.000319,0.022295,-0.322341,0.151854,0.001301,-1.987756,35.572370,0.080335,0.353919
ITW,Industrials,Illinois Tool Works,1706,0.000406,0.015911,-0.122314,0.153630,0.000864,0.145116,11.830830,0.102371,0.252584
IVZ,Financials,Invesco,1706,0.000356,0.027685,-0.237406,0.164246,0.001173,-0.582970,9.727147,0.089669,0.439485
J,Industrials,Jacobs Solutions,1706,0.000487,0.017550,-0.129009,0.097889,0.000955,-0.608282,6.689365,0.122707,0.278594
JBHT,Industrials,J.B. Hunt,1706,0.000428,0.020344,-0.153544,0.200016,0.000157,0.189655,10.892916,0.107898,0.322944
JBL,Information Technology,Jabil,1706,0.001270,0.025113,-0.180154,0.172241,0.001804,-0.455827,8.276084,0.320065,0.398651
JCI,Industrials,Johnson Controls,1706,0.000782,0.018593,-0.142948,0.106899,0.001469,-0.555090,6.509174,0.197016,0.295150
JKHY,Financials,Jack Henry & Associates,1706,0.000224,0.016288,-0.137826,0.092915,0.000903,-0.992890,8.987337,0.056355,0.258567
JNJ,Health Care,Johnson & Johnson,1706,0.000352,0.012191,-0.078953,0.076940,0.000470,-0.057618,8.163959,0.088692,0.193533
JPM,Financials,JPMorgan Chase,1706,0.000770,0.019007,-0.162106,0.165621,0.001194,-0.082615,13.021195,0.194093,0.301729
KDP,Consumer Staples,Keurig Dr Pepper,1706,0.000099,0.015103,-0.180194,0.200077,0.000556,-0.173448,33.714114,0.024906,0.239751
KEY,Financials,KeyCorp,1706,0.000321,0.028711,-0.319252,0.170289,0.000838,-1.144933,18.550174,0.080818,0.455773
KEYS,Information Technology,Keysight Technologies,1706,0.000502,0.021161,-0.148292,0.130016,0.001027,-0.177787,7.557749,0.126387,0.335921
KHC,Consumer Staples,Kraft Heinz,1706,0.000029,0.017066,-0.148007,0.178075,0.000589,0.043313,15.651553,0.007319,0.270912
KIM,Real Estate,Kimco Realty,1706,0.000267,0.023631,-0.220877,0.279609,0.000896,0.239917,20.871217,0.067315,0.375131
KKR,Financials,KKR & Co.,1706,0.001021,0.024920,-0.164613,0.165972,0.001296,-0.168568,6.096809,0.257248,0.395594
KLAC,Information Technology,KLA Corporation,1706,0.001410,0.027864,-0.158955,0.159685,0.001513,-0.097826,4.309406,0.355216,0.442329
KMB,Consumer Staples,Kimberly-Clark,1706,0.000038,0.013751,-0.157456,0.092623,0.000284,-1.054655,16.410323,0.009611,0.218296
KMI,Energy,Kinder Morgan,1706,0.000417,0.018951,-0.236283,0.155057,0.000602,-1.834149,27.393682,0.105092,0.300839
KO,Consumer Staples,Coca-Cola Company (The),1706,0.000372,0.012465,-0.101728,0.062783,0.000641,-0.672113,9.032036,0.093858,0.197873
KR,Consumer Staples,Kroger,1706,0.000647,0.017444,-0.090984,0.109807,0.000689,0.381368,5.710400,0.162979,0.276908
L,Financials,Loews Corporation,1706,0.000483,0.018324,-0.179858,0.126191,0.001232,-0.978026,18.270206,0.121837,0.290888
LDOS,Industrials,Leidos,1706,0.000668,0.018238,-0.157070,0.102306,0.001113,-1.044625,14.195391,0.168303,0.289515
LEN,Consumer Discretionary,Lennar,1706,0.000537,0.025637,-0.218339,0.193053,0.000403,-0.189898,8.905928,0.135297,0.406973
LH,Health Care,Labcorp,1706,0.000401,0.018427,-0.214129,0.121270,0.000641,-1.109088,19.405726,0.101172,0.292523
LHX,Industrials,L3Harris,1706,0.000429,0.016777,-0.154310,0.104210,0.000303,-0.285384,9.420396,0.108032,0.266332
LII,Industrials,Lennox International,1706,0.000423,0.019840,-0.107429,0.108006,0.001260,-0.270681,3.086317,0.106675,0.314956
LIN,Materials,Linde plc,1706,0.000575,0.015312,-0.108513,0.110599,0.000772,-0.087001,7.473176,0.144899,0.243073
LLY,Health Care,Lilly (Eli),1706,0.001299,0.020438,-0.152410,0.145656,0.001451,0.470368,9.970508,0.327281,0.324439
LMT,Industrials,Lockheed Martin,1706,0.000394,0.015952,-0.136525,0.101906,0.000693,-0.944736,15.136235,0.099286,0.253232
LNT,Utilities,Alliant Energy,1706,0.000320,0.014554,-0.101101,0.096342,0.000656,-0.248574,6.695248,0.080520,0.231040
LOW,Consumer Discretionary,Lowe's,1706,0.000568,0.019756,-0.284612,0.131132,0.000966,-1.986339,30.761251,0.143156,0.313619
LRCX,Information Technology,Lam Research,1706,0.001385,0.029807,-0.203680,0.184927,0.001704,-0.227564,4.691906,0.348947,0.473175
LULU,Consumer Discretionary,Lululemon Athletica,1706,0.000214,0.026605,-0.240406,0.147471,0.000833,-1.148137,12.981920,0.053824,0.422343
LUV,Industrials,Southwest Airlines,1706,-0.000057,0.025248,-0.163807,0.142831,0.000327,-0.362399,5.935680,-0.014453,0.400801
LVS,Consumer Discretionary,Las Vegas Sands,1706,0.000117,0.026883,-0.193442,0.140310,-0.000164,-0.075351,4.873987,0.029490,0.426752
LW,Consumer Staples,Lamb Weston,1706,-0.000234,0.025996,-0.331802,0.151096,0.000407,-3.140173,37.585286,-0.059089,0.412666
LYB,Materials,LyondellBasell,1706,-0.000149,0.024858,-0.294251,0.178493,-0.000168,-1.181433,18.472492,-0.037605,0.394608
LYV,Communication Services,Live Nation Entertainment,1706,0.000477,0.026704,-0.181290,0.168646,0.000354,-0.275776,8.567200,0.120214,0.423911
MA,Financials,Mastercard,1706,0.000555,0.018191,-0.136111,0.153673,0.001128,0.001597,9.609110,0.139899,0.288768
MAA,Real Estate,Mid-America Apartment Communities,1706,0.000292,0.016805,-0.182798,0.110036,0.000444,-1.113241,16.107424,0.073518,0.266773
MAR,Consumer Discretionary,Marriott International,1706,0.000569,0.022933,-0.164773,0.177996,0.000838,0.126721,8.679286,0.143426,0.364047
MAS,Industrials,Masco,1706,0.000357,0.019237,-0.124276,0.138514,0.000753,0.123101,5.592169,0.090008,0.305381
MCD,Consumer Discretionary,McDonald's,1706,0.000386,0.013824,-0.172871,0.166577,0.000590,-0.355349,32.310501,0.097270,0.219444
MCHP,Information Technology,Microchip Technology,1706,0.000317,0.028723,-0.226831,0.239422,0.000344,-0.115309,8.628648,0.079831,0.455962
MCK,Health Care,McKesson Corporation,1706,0.001152,0.017749,-0.120315,0.139748,0.001659,-0.030447,7.746330,0.290396,0.281762
MCO,Financials,Moody's Corporation,1706,0.000654,0.018861,-0.147649,0.170347,0.001536,-0.239142,12.367876,0.164812,0.299405
MDLZ,Consumer Staples,Mondelez International,1706,0.000164,0.013452,-0.121374,0.106886,0.000440,-0.287184,11.246634,0.041309,0.213537
MDT,Health Care,Medtronic,1706,0.000141,0.015699,-0.137237,0.097029,0.000691,-0.459987,8.492064,0.035446,0.249213
MET,Financials,MetLife,1706,0.000485,0.020716,-0.182015,0.159902,0.001142,-0.773921,13.583297,0.122313,0.328850
META,Communication Services,Meta Platforms,1706,0.000815,0.026731,-0.306390,0.209307,0.001025,-1.093733,23.303918,0.205430,0.424347
MGM,Consumer Discretionary,MGM Resorts,1706,0.000206,0.032278,-0.409684,0.286042,0.000543,-1.003373,26.085348,0.051893,0.512396
MKC,Consumer Staples,McCormick & Company,1706,0.000064,0.015857,-0.115632,0.141743,0.000497,-0.234284,13.097066,0.016116,0.251721
MLM,Materials,Martin Marietta Materials,1706,0.000706,0.020200,-0.145587,0.126596,0.000873,-0.242821,7.207591,0.177974,0.320660
MMM,Industrials,3M,1706,0.000095,0.018253,-0.138631,0.206938,0.000136,0.406821,16.484884,0.024057,0.289755
MNST,Consumer Staples,Monster Beverage,1706,0.000585,0.016463,-0.115683,0.084609,0.001035,-0.136535,5.393614,0.147480,0.261336
MO,Consumer Staples,Altria,1706,0.000339,0.015041,-0.105690,0.095510,0.000879,-1.010474,8.094549,0.085382,0.238768
MOH,Health Care,Molina Healthcare,1706,0.000115,0.025259,-0.248069,0.162706,0.000951,-1.008570,13.960909,0.029027,0.400971
MOS,Materials,Mosaic Company (The),1706,-0.000019,0.030906,-0.321691,0.159232,0.000537,-0.842103,10.399771,-0.004791,0.490619
MPC,Energy,Marathon Petroleum,1706,0.000691,0.028026,-0.314833,0.187546,0.001846,-1.032171,16.825762,0.174024,0.444907
MPWR,Information Technology,Monolithic Power Systems,1706,0.001125,0.033020,-0.226653,0.210502,0.001555,-0.180336,5.439923,0.283553,0.524176
MRK,Health Care,Merck & Co.,1706,0.000296,0.015246,-0.103840,0.080422,0.000333,-0.455908,6.931169,0.074704,0.242027
MRNA,Health Care,Moderna,1706,0.000228,0.044950,-0.235869,0.245380,-0.001857,0.189499,3.229754,0.057360,0.713558
MS,Financials,Morgan Stanley,1706,0.000954,0.021164,-0.169602,0.180403,0.001211,0.057532,12.533881,0.240477,0.335968
MSCI,Financials,MSCI Inc.,1706,0.000682,0.021549,-0.144893,0.165811,0.001040,-0.310612,8.565746,0.171764,0.342079
MSFT,Information Technology,Microsoft,1706,0.000866,0.017958,-0.159453,0.132929,0.001160,-0.186651,8.157869,0.218166,0.285079
MSI,Information Technology,Motorola Solutions,1706,0.000648,0.016730,-0.127349,0.108580,0.001182,-0.494952,8.242300,0.163286,0.265579
MTB,Financials,M&T Bank,1706,0.000248,0.023306,-0.149532,0.223910,0.000632,0.240689,9.722979,0.062443,0.369975
MTCH,Communication Services,Match Group,1706,-0.000331,0.029562,-0.196894,0.216437,-0.001230,0.158148,5.988214,-0.083411,0.469278
MTD,Health Care,Mettler Toledo,1706,0.000393,0.020126,-0.111799,0.157307,0.000887,0.086628,4.804828,0.099080,0.319491
MU,Information Technology,Micron Technology,1706,0.001164,0.031114,-0.220878,0.172380,0.000966,-0.285678,4.415311,0.293420,0.493919
NCLH,Consumer Discretionary,Norwegian Cruise Line Holdings,1706,-0.000538,0.045123,-0.443090,0.352011,0.000000,-0.793841,14.357601,-0.135534,0.716306
NDAQ,Financials,"Nasdaq, Inc.",1706,0.000791,0.016628,-0.125682,0.130180,0.001454,-0.385341,10.496662,0.199445,0.263956
NDSN,Industrials,Nordson Corporation,1706,0.000395,0.018868,-0.202228,0.179788,0.000268,-0.730166,19.695108,0.099581,0.299528
NEE,Utilities,NextEra Energy,1706,0.000405,0.018061,-0.144067,0.128309,0.001069,-0.472282,7.990256,0.102068,0.286717
NEM,Materials,Newmont,1706,0.000758,0.022700,-0.159041,0.131188,0.000698,-0.250144,5.509161,0.190928,0.360358
NFLX,Communication Services,Netflix,1706,0.000537,0.027564,-0.432578,0.155758,0.000758,-2.450046,41.472027,0.135278,0.437564
NI,Utilities,NiSource,1706,0.000366,0.015923,-0.184389,0.159865,0.001079,-0.927984,21.197698,0.092332,0.252776
NKE,Consumer Discretionary,"Nike, Inc.",1706,-0.000129,0.021996,-0.222905,0.144373,0.000129,-0.706463,14.386947,-0.032393,0.349172
NOC,Industrials,Northrop Grumman,1706,0.000502,0.016964,-0.135327,0.122228,0.000956,-0.220798,9.809462,0.126527,0.269296
NOW,Information Technology,ServiceNow,1706,0.000669,0.025963,-0.136238,0.143995,0.001887,-0.051462,3.789042,0.168620,0.412146
NRG,Utilities,NRG Energy,1706,0.000882,0.024755,-0.182874,0.232801,0.001737,-0.268412,12.055946,0.222262,0.392971
NSC,Industrials,Norfolk Southern,1706,0.000363,0.018497,-0.149712,0.165169,0.000919,-0.101391,11.654908,0.091555,0.293625
NTAP,Information Technology,NetApp,1706,0.000378,0.022912,-0.225919,0.166925,0.000966,-0.756942,13.613795,0.095371,0.363713
NTRS,Financials,Northern Trust,1706,0.000350,0.020972,-0.200714,0.187621,0.001012,-0.208445,12.004164,0.088252,0.332921
NUE,Materials,Nucor,1706,0.000690,0.024716,-0.156758,0.148375,0.000714,-0.216979,4.554422,0.173879,0.392350
NVDA,Information Technology,Nvidia,1706,0.002206,0.032268,-0.203979,0.218088,0.002986,0.055575,4.219581,0.555890,0.512241
NVR,Consumer Discretionary,"NVR, Inc.",1706,0.000573,0.021586,-0.230030,0.191281,0.000468,-0.229370,17.776865,0.144507,0.342667
NWS,Communication Services,News Corp (Class B),1706,0.000540,0.020063,-0.157265,0.124808,0.000705,-0.366906,7.715197,0.136030,0.318498
NWSA,Communication Services,News Corp (Class A),1706,0.000467,0.019772,-0.142477,0.127139,0.000552,-0.114474,6.096623,0.117760,0.313872
NXPI,Information Technology,NXP Semiconductors,1706,0.000574,0.027132,-0.215431,0.191347,0.001160,-0.154566,6.544681,0.144542,0.430705
O,Real Estate,Realty Income,1706,0.000078,0.018332,-0.286756,0.156258,0.000943,-3.565782,64.322763,0.019704,0.291015
ODFL,Industrials,Old Dominion,1706,0.000716,0.022074,-0.138951,0.120364,0.001635,-0.203226,4.651301,0.180537,0.350410
OKE,Energy,Oneok,1706,0.000296,0.028835,-0.474096,0.287519,0.001594,-3.779885,65.756499,0.074539,0.457740
OMC,Communication Services,Omnicom Group,1706,0.000191,0.019305,-0.109317,0.137530,0.000464,-0.003199,7.111165,0.048223,0.306455
ON,Information Technology,ON Semiconductor,1706,0.000545,0.035058,-0.312519,0.218161,0.001209,-0.472614,8.738980,0.137409,0.556532
ORCL,Information Technology,Oracle Corporation,1706,0.000826,0.023042,-0.148394,0.307108,0.001307,1.494047,27.107670,0.208141,0.365780
ORLY,Consumer Discretionary,O’Reilly Automotive,1706,0.000758,0.016505,-0.167529,0.121170,0.001257,-1.063815,16.140096,0.190996,0.262010
OXY,Energy,Occidental Petroleum,1706,-0.000203,0.037371,-0.734257,0.290412,-0.000377,-3.992688,91.792506,-0.051212,0.593253
PANW,Information Technology,Palo Alto Networks,1706,0.000881,0.025318,-0.334649,0.170591,0.001808,-1.412464,23.309865,0.222041,0.401909
PAYC,Industrials,Paycom,1706,-0.000066,0.030586,-0.485911,0.193531,0.001967,-2.513122,41.431168,-0.016636,0.485541
PAYX,Industrials,Paychex,1706,0.000325,0.017446,-0.216666,0.167191,0.000783,-1.051092,23.763994,0.081878,0.276939
PCAR,Industrials,Paccar,1706,0.000667,0.017092,-0.116157,0.132830,0.000706,0.267024,6.220665,0.168074,0.271322
PCG,Utilities,PG&E Corporation,1706,-0.000094,0.034407,-0.364643,0.280419,0.000570,-1.615732,28.488951,-0.023658,0.546199
PEG,Utilities,Public Service Enterprise Group,1706,0.000315,0.015104,-0.118654,0.101065,0.000985,-0.359118,7.591334,0.079387,0.239767
PEP,Consumer Staples,PepsiCo,1706,0.000233,0.013453,-0.121358,0.121657,0.000368,-0.459448,18.712788,0.058669,0.213564
PFE,Health Care,Pfizer,1706,-0.000095,0.016558,-0.080502,0.103055,-0.000320,0.169189,3.814599,-0.024010,0.262857
PFG,Financials,Principal Financial Group,1706,0.000478,0.022264,-0.193011,0.203414,0.000783,-0.289460,14.221067,0.120379,0.353423
PG,Consumer Staples,Procter & Gamble,1706,0.000300,0.012718,-0.091429,0.113409,0.000733,-0.213971,10.504996,0.075651,0.201898
PGR,Financials,Progressive Corporation,1706,0.000756,0.016730,-0.140618,0.114554,0.000971,-0.389888,8.104720,0.190390,0.265577
PH,Industrials,Parker Hannifin,1706,0.001025,0.022015,-0.182582,0.169063,0.000889,-0.382781,11.544924,0.258416,0.349473
PHM,Consumer Discretionary,PulteGroup,1706,0.000929,0.025339,-0.237328,0.218850,0.001321,-0.342070,11.301506,0.234135,0.402249
PKG,Materials,Packaging Corporation of America,1706,0.000565,0.017885,-0.119327,0.146446,0.000522,0.116206,8.059811,0.142378,0.283916
PLD,Real Estate,Prologis,1706,0.000453,0.018850,-0.189596,0.111634,0.001135,-0.641625,10.396165,0.114164,0.299237
PM,Consumer Staples,Philip Morris International,1706,0.000547,0.015894,-0.132993,0.103894,0.001188,-0.733830,11.640963,0.137802,0.252304
PNC,Financials,PNC Financial Services,1706,0.000442,0.020848,-0.173166,0.121717,0.000716,-0.296612,8.630867,0.111366,0.330956
PNR,Industrials,Pentair,1706,0.000574,0.020062,-0.171521,0.167256,0.000993,-0.456257,12.029560,0.144570,0.318474
PNW,Utilities,Pinnacle West Capital,1706,0.000128,0.015934,-0.180337,0.121538,0.000572,-0.986541,18.094079,0.032199,0.252937
PODD,Health Care,Insulet Corporation,1706,0.000615,0.027239,-0.184347,0.203568,0.001078,0.502294,8.159565,0.155094,0.432400
POOL,Consumer Discretionary,Pool Corporation,1706,0.000264,0.021979,-0.183797,0.121799,0.000483,-0.682610,7.978287,0.066579,0.348902
PPG,Materials,PPG Industries,1706,0.000030,0.018439,-0.133486,0.123742,0.000559,-0.294529,6.795205,0.007566,0.292705
PPL,Utilities,PPL Corporation,1706,0.000220,0.015674,-0.147487,0.133263,0.000647,-0.538115,14.273432,0.055331,0.248824
PRU,Financials,Prudential Financial,1706,0.000305,0.022318,-0.224568,0.190911,0.000874,-0.970602,18.637913,0.076877,0.354288
PSA,Real Estate,Public Storage,1706,0.000263,0.015868,-0.122520,0.061671,0.000722,-0.701405,5.407835,0.066378,0.251903
PSKY,Communication Services,Paramount Skydance Corporation,1706,-0.000625,0.035974,-0.333419,0.312886,0.000335,-0.546736,17.183046,-0.157407,0.571075
PSX,Energy,Phillips 66,1706,0.000321,0.025084,-0.172757,0.200262,0.000778,-0.202223,7.955559,0.080937,0.398203
PTC,Information Technology,PTC Inc.,1706,0.000368,0.021964,-0.228343,0.162516,0.000953,-0.565355,13.503835,0.092746,0.348661
PWR,Industrials,Quanta Services,1706,0.001434,0.022745,-0.202392,0.148130,0.001499,-0.321638,7.960141,0.361269,0.361073
PYPL,Financials,PayPal,1706,-0.000328,0.026736,-0.282236,0.131991,0.000941,-0.885748,11.043418,-0.082531,0.424427
QCOM,Information Technology,Qualcomm,1706,0.000735,0.025845,-0.161875,0.208699,0.000784,0.222826,6.665641,0.185206,0.410283
RCL,Consumer Discretionary,Royal Caribbean Group,1706,0.000541,0.038303,-0.382406,0.252982,0.000395,-0.679886,14.060144,0.136407,0.608042
REG,Real Estate,Regency Centers,1706,0.000201,0.021079,-0.232467,0.299941,0.000000,0.600198,40.496531,0.050639,0.334627
REGN,Health Care,Regeneron Pharmaceuticals,1706,0.000381,0.020408,-0.210896,0.172665,0.000622,-0.311450,12.254759,0.095900,0.323975
RF,Financials,Regions Financial Corporation,1706,0.000510,0.025136,-0.214895,0.153822,0.000794,-0.637153,10.056113,0.128628,0.399014
RJF,Financials,Raymond James Financial,1706,0.000712,0.021008,-0.123181,0.173485,0.001438,0.101335,7.453425,0.179424,0.333486
RL,Consumer Discretionary,Ralph Lauren Corporation,1706,0.000699,0.025910,-0.177602,0.180659,0.000885,-0.069496,6.545687,0.176258,0.411307
RMD,Health Care,ResMed,1706,0.000558,0.021293,-0.204619,0.172992,0.001269,-0.671565,16.590456,0.140500,0.338023
ROK,Industrials,Rockwell Automation,1706,0.000537,0.021506,-0.193069,0.161980,0.000704,-0.694452,14.841689,0.135306,0.341398
ROL,Industrials,"Rollins, Inc.",1706,0.000516,0.017119,-0.114356,0.095715,0.001103,-0.820212,8.773200,0.130029,0.271761
ROP,Information Technology,Roper Technologies,1706,0.000197,0.015334,-0.107462,0.106508,0.000852,-0.660229,9.862347,0.049531,0.243417
ROST,Consumer Discretionary,Ross Stores,1706,0.000436,0.021988,-0.254509,0.153825,0.000677,-1.075165,22.537962,0.109801,0.349056
RSG,Industrials,Republic Services,1706,0.000641,0.013220,-0.137043,0.075971,0.001169,-1.105620,14.008316,0.161622,0.209864
RTX,Industrials,RTX Corporation,1706,0.000588,0.019459,-0.156379,0.146324,0.000597,-0.430237,12.899374,0.148205,0.308902
RVTY,Health Care,Revvity,1706,0.000020,0.020800,-0.175946,0.098978,0.000515,-0.481238,5.297840,0.005104,0.330183
SBAC,Real Estate,SBA Communications,1706,0.000049,0.018607,-0.093570,0.117154,0.000540,0.078129,3.312802,0.012357,0.295370
SBUX,Consumer Discretionary,Starbucks,1706,0.000181,0.020434,-0.176788,0.219111,0.000309,0.267923,18.475681,0.045527,0.324376
SCHW,Financials,Charles Schwab Corporation,1706,0.000529,0.022759,-0.136611,0.175085,0.000564,-0.190742,7.110613,0.133420,0.361295
SHW,Materials,Sherwin-Williams,1706,0.000514,0.017909,-0.206741,0.134961,0.000369,-0.659111,15.343359,0.129607,0.284295
SJM,Consumer Staples,J.M. Smucker Company (The),1706,0.000075,0.015712,-0.169512,0.098730,0.000505,-1.006353,13.146840,0.018996,0.249421
SLB,Energy,Schlumberger,1706,0.000024,0.029096,-0.320500,0.181555,0.000102,-0.818363,12.597374,0.006163,0.461888
SMCI,Information Technology,Supermicro,1706,0.001558,0.046442,-0.395640,0.307016,0.001237,-0.040814,11.268231,0.392731,0.737246
SNA,Industrials,Snap-on,1706,0.000571,0.018340,-0.122117,0.109131,0.000652,-0.095923,6.584150,0.143977,0.291141
SNPS,Information Technology,Synopsys,1706,0.000855,0.025326,-0.443748,0.122009,0.001590,-3.202149,57.812069,0.215413,0.402043
SO,Utilities,Southern Company,1706,0.000467,0.015229,-0.125175,0.172049,0.000759,0.284736,20.722136,0.117710,0.241756
SPG,Real Estate,Simon Property Group,1706,0.000256,0.027236,-0.310783,0.245839,0.000611,-1.017788,27.377023,0.064496,0.432362
SPGI,Financials,S&P Global,1706,0.000578,0.017426,-0.164749,0.129762,0.001214,-0.522604,12.430055,0.145715,0.276632
SRE,Utilities,Sempra,1706,0.000333,0.017333,-0.210378,0.107574,0.000877,-2.106281,29.292787,0.084024,0.275157
STE,Health Care,Steris,1706,0.000458,0.017208,-0.123135,0.095372,0.000716,-0.350459,7.443218,0.115490,0.273164
STLD,Materials,Steel Dynamics,1706,0.001008,0.026526,-0.200519,0.177471,0.000818,-0.107676,6.620218,0.253971,0.421086
STT,Financials,State Street Corporation,1706,0.000501,0.022790,-0.209811,0.201464,0.001382,-0.380613,11.312485,0.126219,0.361779
STX,Information Technology,Seagate Technology,1706,0.001195,0.025226,-0.178633,0.174895,0.001535,-0.188997,6.040073,0.301036,0.400449
STZ,Consumer Staples,Constellation Brands,1706,-0.000039,0.017872,-0.187387,0.158792,0.000306,-1.004335,18.786318,-0.009763,0.283705
SW,Materials,Smurfit Westrock,1706,0.000336,0.029251,-0.275552,0.145182,0.000000,-0.657090,9.572741,0.084681,0.464345
SWK,Industrials,Stanley Black & Decker,1706,-0.000220,0.025591,-0.230412,0.225722,-0.000116,-0.436234,13.010818,-0.055513,0.406244
SWKS,Information Technology,Skyworks Solutions,1706,-0.000055,0.026695,-0.283252,0.202941,0.000681,-0.798040,13.852965,-0.013901,0.423774
SYF,Financials,Synchrony Financial,1706,0.000653,0.027491,-0.301452,0.172387,0.001294,-0.885645,15.572854,0.164453,0.436402
SYK,Health Care,Stryker Corporation,1706,0.000382,0.017931,-0.140480,0.125674,0.000898,-0.423973,10.519895,0.096383,0.284643
SYY,Consumer Staples,Sysco,1706,0.000173,0.021262,-0.237066,0.172187,0.000526,-0.663626,26.353547,0.043674,0.337524
T,Communication Services,AT&T,1706,0.000327,0.015830,-0.109883,0.095513,0.000808,-0.379848,7.552642,0.082466,0.251292
TAP,Consumer Staples,Molson Coors Beverage Company,1706,-0.000039,0.018896,-0.118515,0.102857,0.000481,-0.389503,5.236243,-0.009880,0.299971
TDG,Industrials,TransDigm Group,1706,0.000816,0.023482,-0.248127,0.218356,0.001594,-0.662752,20.925273,0.205540,0.372762
TDY,Information Technology,Teledyne Technologies,1706,0.000459,0.018796,-0.259899,0.125038,0.001304,-1.843957,27.730765,0.115686,0.298370
TECH,Health Care,Bio-Techne,1706,0.000117,0.022781,-0.108384,0.150279,-0.000126,0.208361,3.315857,0.029608,0.361640
TEL,Information Technology,TE Connectivity,1706,0.000660,0.019100,-0.172286,0.112901,0.000976,-0.594657,9.314903,0.166363,0.303210
TER,Information Technology,Teradyne,1706,0.000948,0.029550,-0.253739,0.186334,0.001049,-0.203183,8.062766,0.238986,0.469095
TFC,Financials,Truist Financial,1706,0.000192,0.024202,-0.211901,0.159088,0.000518,-0.661654,11.125687,0.048484,0.384195
TGT,Consumer Staples,Target Corporation,1706,0.000242,0.022642,-0.286754,0.185862,0.000435,-1.327748,30.337156,0.061005,0.359435
TJX,Consumer Discretionary,TJX Companies,1706,0.000682,0.018145,-0.228149,0.121361,0.000693,-0.936749,20.410524,0.171833,0.288044
TKO,Communication Services,TKO Group Holdings,1706,0.000544,0.024000,-0.242593,0.156805,0.000933,-1.311673,16.497625,0.137089,0.380987
TMO,Health Care,Thermo Fisher Scientific,1706,0.000467,0.017639,-0.086512,0.099574,0.000670,0.109884,3.638822,0.117789,0.280016
TMUS,Communication Services,T-Mobile US,1706,0.000627,0.016830,-0.118980,0.111388,0.001036,-0.200978,9.028629,0.158111,0.267163
TPL,Energy,Texas Pacific Land Corporation,1706,0.000771,0.031625,-0.286161,0.232222,0.001244,-0.202572,9.075365,0.194189,0.502024
TPR,Consumer Discretionary,"Tapestry, Inc.",1706,0.000919,0.031254,-0.346255,0.259889,0.001431,-1.071368,17.625864,0.231575,0.496146
TRGP,Energy,Targa Resources,1706,0.000998,0.036692,-0.753054,0.300809,0.002313,-6.330618,123.242688,0.251447,0.582468
TRMB,Information Technology,Trimble Inc.,1706,0.000391,0.022761,-0.205766,0.172344,0.001016,-0.468525,11.682786,0.098462,0.361327
TROW,Financials,T. Rowe Price,1706,0.000167,0.020645,-0.140051,0.166919,0.000889,0.151477,8.560551,0.042018,0.327735
TRV,Financials,Travelers Companies (The),1706,0.000549,0.017411,-0.233199,0.124783,0.001353,-1.964077,27.874644,0.138382,0.276398
TSCO,Consumer Discretionary,Tractor Supply,1706,0.000653,0.018562,-0.133738,0.101125,0.001179,-0.632817,5.701343,0.164630,0.294668
TSLA,Consumer Discretionary,"Tesla, Inc.",1706,0.001879,0.040639,-0.236518,0.204491,0.001730,-0.090480,3.601846,0.473424,0.645122
TSN,Consumer Staples,Tyson Foods,1706,0.000053,0.018601,-0.179262,0.204593,0.000121,-0.310066,19.681443,0.013264,0.295287
TT,Industrials,Trane Technologies,1706,0.000973,0.018499,-0.115894,0.114983,0.001314,-0.150403,6.188178,0.245176,0.293664
TTD,Communication Services,Trade Desk (The),1706,0.000358,0.043329,-0.487846,0.309102,0.001806,-1.059261,20.080973,0.090318,0.687832
TTWO,Communication Services,Take-Two Interactive,1706,0.000575,0.020911,-0.147118,0.131310,0.001230,-0.416554,6.929992,0.144807,0.331945
TXN,Information Technology,Texas Instruments,1706,0.000381,0.020262,-0.143176,0.149178,0.000586,-0.131560,6.311677,0.096031,0.321647
TXT,Industrials,Textron,1706,0.000315,0.023091,-0.187231,0.150152,0.000610,-0.395736,9.952452,0.079302,0.366553
TYL,Information Technology,Tyler Technologies,1706,0.000470,0.018942,-0.145942,0.097825,0.000719,-0.103174,5.077163,0.118507,0.300690
UAL,Industrials,United Airlines Holdings,1706,0.000198,0.036455,-0.360829,0.232256,0.000336,-0.462840,13.229923,0.049778,0.578710
UDR,Real Estate,"UDR, Inc.",1706,0.000033,0.017921,-0.193037,0.129384,0.000667,-0.473093,13.182160,0.008386,0.284491
UHS,Health Care,Universal Health Services,1706,0.000304,0.023665,-0.251763,0.225828,0.001275,-0.640902,18.388393,0.076533,0.375678
ULTA,Consumer Discretionary,Ulta Beauty,1706,0.000354,0.026419,-0.350282,0.214956,0.000419,-1.459506,31.238238,0.089184,0.419383
UNH,Health Care,UnitedHealth Group,1706,0.000227,0.020837,-0.253341,0.120436,0.000745,-1.863425,25.539430,0.057128,0.330781
UNP,Industrials,Union Pacific Corporation,1706,0.000300,0.016650,-0.139658,0.122255,0.000780,-0.320741,11.432649,0.075673,0.264316
UPS,Industrials,United Parcel Service,1706,0.000106,0.018941,-0.152135,0.134319,0.000250,-0.331018,10.851032,0.026669,0.300675
URI,Industrials,United Rentals,1706,0.001157,0.027273,-0.180758,0.200286,0.001524,-0.092039,5.353995,0.291537,0.432953
USB,Financials,U.S. Bancorp,1706,0.000203,0.021866,-0.155958,0.160143,0.000285,-0.255481,8.143623,0.051082,0.347115
V,Financials,Visa Inc.,1706,0.000511,0.016453,-0.145571,0.129647,0.001312,-0.112670,10.649646,0.128760,0.261185
VICI,Real Estate,Vici Properties,1706,0.000377,0.020124,-0.337382,0.162938,0.000705,-3.658021,64.499953,0.095017,0.319457
VLO,Energy,Valero Energy,1706,0.000533,0.028258,-0.213451,0.271572,0.000545,0.062512,10.984241,0.134264,0.448580
VMC,Materials,Vulcan Materials Company,1706,0.000565,0.019473,-0.193764,0.163523,0.000885,-0.438118,12.537283,0.142307,0.309123
VRSK,Industrials,Verisk Analytics,1706,0.000351,0.015993,-0.112936,0.124746,0.001215,-0.696109,11.014935,0.088523,0.253881
VRSN,Information Technology,Verisign,1706,0.000175,0.016925,-0.153903,0.120506,0.000906,-0.490031,11.380609,0.044072,0.268683
VRTX,Health Care,Vertex Pharmaceuticals,1706,0.000542,0.020138,-0.231875,0.124281,0.001023,-1.921712,24.408874,0.136464,0.319679
VST,Utilities,Vistra Corp.,1706,0.001168,0.029400,-0.332284,0.153595,0.000861,-1.461238,18.254203,0.294283,0.466714
VTR,Real Estate,Ventas,1706,0.000297,0.025601,-0.336772,0.197010,0.000908,-2.324721,43.407440,0.074793,0.406399
VTRS,Health Care,Viatris,1706,-0.000372,0.024114,-0.278099,0.126834,0.000000,-1.869105,24.005590,-0.093638,0.382798
VZ,Communication Services,Verizon,1706,0.000015,0.013079,-0.077938,0.088656,0.000212,-0.153428,6.213204,0.003796,0.207623
WAB,Industrials,Wabtec,1706,0.000657,0.020815,-0.201158,0.115436,0.000891,-0.579033,9.909706,0.165522,0.330425
WAT,Health Care,Waters Corporation,1706,0.000256,0.020429,-0.148593,0.180974,0.000271,0.122627,8.483708,0.064611,0.324307
WBD,Communication Services,Warner Bros. Discovery,1706,0.000045,0.033729,-0.320837,0.254234,0.000356,-0.437638,9.700485,0.011342,0.535433
WDAY,Information Technology,"Workday, Inc.",1706,0.000064,0.024695,-0.166382,0.158428,0.000883,-0.024496,5.628311,0.016016,0.392017
WDC,Information Technology,Western Digital,1706,0.000956,0.031306,-0.228719,0.163377,0.001041,-0.548897,6.060314,0.240963,0.496963
WEC,Utilities,WEC Energy Group,1706,0.000305,0.015170,-0.199074,0.123519,0.000713,-1.307429,27.383188,0.076778,0.240813
WELL,Real Estate,Welltower,1706,0.000652,0.022830,-0.279654,0.208466,0.001575,-0.904273,29.475915,0.164203,0.362417
WFC,Financials,Wells Fargo,1706,0.000469,0.022733,-0.172779,0.135707,0.000842,-0.261413,7.424718,0.118121,0.360874
WM,Industrials,Waste Management,1706,0.000522,0.013413,-0.117897,0.086636,0.000955,-0.621713,11.268086,0.131490,0.212927
WMB,Energy,Williams Companies,1706,0.000660,0.020815,-0.271058,0.173631,0.001263,-1.302275,29.703039,0.166332,0.330426
WMT,Consumer Staples,Walmart,1706,0.000773,0.013944,-0.120765,0.110723,0.000848,-0.088478,13.255465,0.194915,0.221356
WRB,Financials,W. R. Berkley Corporation,1706,0.000704,0.017486,-0.167621,0.112931,0.001396,-0.667164,12.320011,0.177362,0.277576
WSM,Consumer Discretionary,"Williams-Sonoma, Inc.",1706,0.001162,0.030203,-0.244169,0.243283,0.001000,0.259018,11.240674,0.292715,0.479464
WST,Health Care,West Pharmaceutical Services,1706,0.000575,0.024845,-0.481563,0.205255,0.000523,-4.126017,89.297468,0.144998,0.394395
WTW,Financials,Willis Towers Watson,1706,0.000433,0.016151,-0.096784,0.140681,0.000603,-0.176350,10.346469,0.109115,0.256385
WY,Real Estate,Weyerhaeuser,1706,0.000111,0.022655,-0.257132,0.225664,0.000703,-0.837604,25.306228,0.028077,0.359631
WYNN,Consumer Discretionary,Wynn Resorts,1706,0.000048,0.031911,-0.280172,0.244422,-0.000236,-0.177453,9.662306,0.012030,0.506566
XEL,Utilities,Xcel Energy,1706,0.000284,0.015063,-0.135726,0.106679,0.000618,-0.697154,12.284670,0.071520,0.239111
XOM,Energy,ExxonMobil,1706,0.000414,0.019843,-0.130391,0.119442,0.000410,-0.205850,5.344077,0.104322,0.314997
XYL,Industrials,Xylem Inc.,1706,0.000373,0.018476,-0.128143,0.106717,0.000523,-0.305926,7.292470,0.093889,0.293297
XYZ,Financials,"Block, Inc.",1706,-0.000085,0.038223,-0.336334,0.232219,0.000880,-0.490948,6.705578,-0.021445,0.606775
YUM,Consumer Discretionary,Yum! Brands,1706,0.000324,0.015490,-0.116525,0.209032,0.000571,1.051500,26.144848,0.081641,0.245890
ZBH,Health Care,Zimmer Biomet,1706,-0.000154,0.019128,-0.164265,0.144791,-0.000251,-0.404487,11.164725,-0.038836,0.303643
ZBRA,Information Technology,Zebra Technologies,1706,0.000072,0.025952,-0.189609,0.141445,0.000556,-0.682179,8.266921,0.018256,0.411976
ZTS,Health Care,Zoetis,1706,0.000176,0.017826,-0.158944,0.113143,0.000706,-0.773763,10.485473,0.044289,0.282972
