source,target,correlation,abs_correlation,mantegna_distance,same_sector
BAC,JPM,0.880402,0.880402,0.489077,True
GS,MS,0.871258,0.871258,0.507429,True
COP,EOG,0.865782,0.865782,0.518108,True
BAC,WFC,0.852921,0.852921,0.542363,True
DUK,SO,0.850083,0.850083,0.547571,True
CVX,XOM,0.848958,0.848958,0.549622,True
COP,CVX,0.840972,0.840972,0.563965,True
COP,XOM,0.837019,0.837019,0.570931,True
BAC,MS,0.825698,0.825698,0.590427,True
GS,JPM,0.823506,0.823506,0.594128,True
BAC,GS,0.819831,0.819831,0.600282,True
AEP,SO,0.816226,0.816226,0.606257,True
AEP,DUK,0.813867,0.813867,0.610136,True
JPM,MS,0.811567,0.811567,0.613894,True
JPM,WFC,0.808485,0.808485,0.618894,True
COP,SLB,0.807925,0.807925,0.619798,True
EOG,XOM,0.795345,0.795345,0.639773,True
EOG,SLB,0.785627,0.785627,0.654787,True
SLB,XOM,0.784196,0.784196,0.656969,True
CVX,SLB,0.769215,0.769215,0.679389,True
MS,WFC,0.765990,0.765990,0.684120,True
GS,WFC,0.763359,0.763359,0.687955,True
CVX,EOG,0.746015,0.746015,0.712720,True
KO,PEP,0.719648,0.719648,0.748802,True
AAPL,MSFT,0.702397,0.702397,0.771496,True
PEP,PG,0.698414,0.698414,0.776641,True
GOOGL,MSFT,0.696836,0.696836,0.778671,False
T,VZ,0.684939,0.684939,0.793802,True
ADBE,MSFT,0.682069,0.682069,0.797410,True
NEE,SO,0.680064,0.680064,0.799920,True
DUK,NEE,0.673928,0.673928,0.807554,True
MSFT,NVDA,0.670179,0.670179,0.812183,True
AMZN,MSFT,0.670100,0.670100,0.812281,False
AEP,NEE,0.656591,0.656591,0.828745,True
ADBE,CRM,0.655956,0.655956,0.829511,True
HON,JPM,0.653432,0.653432,0.832548,False
HON,UNP,0.648951,0.648951,0.837913,True
HON,MS,0.643302,0.643302,0.844628,False
CAT,MS,0.638604,0.638604,0.850172,False
BAC,HON,0.637524,0.637524,0.851441,False
DUK,KO,0.636763,0.636763,0.852334,False
GS,HON,0.632585,0.632585,0.857222,False
AMZN,GOOGL,0.631617,0.631617,0.858351,False
CAT,GS,0.631529,0.631529,0.858453,False
AMT,PLD,0.628318,0.628318,0.862186,True
BAC,CAT,0.627592,0.627592,0.863027,False
KO,PG,0.626517,0.626517,0.864272,True
KO,SO,0.624683,0.624683,0.866391,False
AAPL,GOOGL,0.619067,0.619067,0.872849,False
CRM,MSFT,0.618631,0.618631,0.873349,True
DUK,PEP,0.618150,0.618150,0.873899,False
JPM,UNP,0.617736,0.617736,0.874373,False
CAT,JPM,0.616644,0.616644,0.875621,False
META,MSFT,0.614663,0.614663,0.877880,False
AMZN,META,0.613877,0.613877,0.878775,False
HD,PLD,0.609979,0.609979,0.883200,False
MS,UNP,0.609409,0.609409,0.883845,False
BA,SPG,0.608249,0.608249,0.885156,False
PEP,SO,0.607518,0.607518,0.885982,False
CVX,JPM,0.606659,0.606659,0.886951,False
GOOGL,META,0.604984,0.604984,0.888837,True
AMT,DUK,0.604668,0.604668,0.889193,False
BAC,CVX,0.603879,0.603879,0.890080,False
JPM,SPG,0.601883,0.601883,0.892319,False
COST,WMT,0.601831,0.601831,0.892378,True
AMT,SO,0.600268,0.600268,0.894128,False
BAC,UNP,0.600101,0.600101,0.894314,False
BAC,SPG,0.599002,0.599002,0.895542,False
GS,UNP,0.598969,0.598969,0.895579,False
HON,WFC,0.596109,0.596109,0.898767,False
CAT,HON,0.595660,0.595660,0.899266,True
CAT,SLB,0.594479,0.594479,0.900579,False
GS,SPG,0.592504,0.592504,0.902769,False
GE,JPM,0.592393,0.592393,0.902892,False
CVX,MS,0.590551,0.590551,0.904930,False
AAPL,AMZN,0.588711,0.588711,0.906961,False
GE,MS,0.586353,0.586353,0.909557,False
AAPL,ADBE,0.585900,0.585900,0.910055,True
HON,SPG,0.584827,0.584827,0.911233,False
DUK,PG,0.582741,0.582741,0.913520,False
AAPL,NVDA,0.582524,0.582524,0.913757,True
ADBE,AMZN,0.581211,0.581211,0.915193,False
AMZN,NVDA,0.581153,0.581153,0.915256,False
PG,SO,0.581110,0.581110,0.915303,False
AEP,KO,0.580858,0.580858,0.915579,False
BAC,SLB,0.579313,0.579313,0.917264,False
BAC,GE,0.579205,0.579205,0.917382,False
GE,HON,0.576740,0.576740,0.920065,True
BAC,XOM,0.575692,0.575692,0.921204,False
ADBE,GOOGL,0.575548,0.575548,0.921360,False
BAC,COP,0.575364,0.575364,0.921560,False
AEP,PEP,0.574578,0.574578,0.922412,False
DIS,MS,0.572432,0.572432,0.924736,False
BA,HON,0.572121,0.572121,0.925072,True
JPM,SLB,0.571045,0.571045,0.926234,False
GOOGL,NVDA,0.570318,0.570318,0.927019,False
GE,GS,0.570097,0.570097,0.927257,False
BAC,DIS,0.568906,0.568906,0.928541,False
SPG,WFC,0.566486,0.566486,0.931143,False
CVX,GS,0.566225,0.566225,0.931424,False
CAT,WFC,0.564765,0.564765,0.932990,False
DIS,GS,0.564406,0.564406,0.933375,False
ADBE,NVDA,0.564190,0.564190,0.933606,True
MS,SLB,0.563443,0.563443,0.934406,False
BA,JPM,0.563282,0.563282,0.934578,False
DIS,JPM,0.563027,0.563027,0.934851,False
CVX,HON,0.562945,0.562945,0.934939,False
CAT,UNP,0.561571,0.561571,0.936407,True
BA,GE,0.561094,0.561094,0.936916,True
AEP,AMT,0.560790,0.560790,0.937241,False
HD,UNP,0.560071,0.560071,0.938007,False
MS,SPG,0.559900,0.559900,0.938190,False
GE,WFC,0.558663,0.558663,0.939507,False
JNJ,PEP,0.557059,0.557059,0.941213,False
COP,JPM,0.556394,0.556394,0.941919,False
DIS,HON,0.555367,0.555367,0.943009,False
AMT,NEE,0.554509,0.554509,0.943918,False
AMZN,CRM,0.554379,0.554379,0.944056,False
CAT,XOM,0.554307,0.554307,0.944132,False
GS,SLB,0.552657,0.552657,0.945878,False
CAT,GE,0.552181,0.552181,0.946382,True
JNJ,PG,0.552078,0.552078,0.946490,False
JPM,XOM,0.551776,0.551776,0.946809,False
KO,MCD,0.550816,0.550816,0.947823,False
COP,MS,0.550580,0.550580,0.948072,False
CAT,CVX,0.550511,0.550511,0.948145,False
AEP,PG,0.549120,0.549120,0.949610,False
BA,GS,0.548687,0.548687,0.950066,False
MCD,PEP,0.546778,0.546778,0.952074,False
BA,MS,0.545698,0.545698,0.953207,False
HON,MCD,0.545422,0.545422,0.953497,False
CAT,COP,0.545157,0.545157,0.953775,False
CVX,UNP,0.544082,0.544082,0.954901,False
CVX,WFC,0.544005,0.544005,0.954982,False
BA,BAC,0.543672,0.543672,0.955330,False
PLD,SO,0.542512,0.542512,0.956544,False
JNJ,SO,0.541321,0.541321,0.957788,False
BA,WFC,0.541037,0.541037,0.958085,False
COST,MSFT,0.540339,0.540339,0.958813,False
AAPL,META,0.540203,0.540203,0.958955,False
DUK,PLD,0.539705,0.539705,0.959474,False
HD,MSFT,0.538513,0.538513,0.960715,False
MS,XOM,0.537880,0.537880,0.961374,False
SLB,WFC,0.537198,0.537198,0.962083,False
HD,MS,0.536828,0.536828,0.962468,False
GS,HD,0.536648,0.536648,0.962655,False
HD,MCD,0.536138,0.536138,0.963184,True
BAC,EOG,0.535154,0.535154,0.964205,False
HON,KO,0.534463,0.534463,0.964922,False
HD,HON,0.534306,0.534306,0.965084,False
DUK,JNJ,0.532968,0.532968,0.966470,False
NKE,SBUX,0.532649,0.532649,0.966800,True
COP,GS,0.532644,0.532644,0.966805,False
WFC,XOM,0.532386,0.532386,0.967072,False
CVX,SPG,0.532155,0.532155,0.967311,False
MCD,SBUX,0.530111,0.530111,0.969421,True
PLD,UNP,0.529061,0.529061,0.970504,False
ADBE,META,0.528762,0.528762,0.970812,False
AAPL,HD,0.527530,0.527530,0.972080,False
UNP,WFC,0.527483,0.527483,0.972129,False
META,NVDA,0.525665,0.525665,0.973997,False
COP,WFC,0.523137,0.523137,0.976589,False
CRM,NVDA,0.522997,0.522997,0.976732,True
JNJ,KO,0.522605,0.522605,0.977134,False
GS,XOM,0.522195,0.522195,0.977553,False
MS,SBUX,0.521992,0.521992,0.977761,False
COST,HD,0.521135,0.521135,0.978637,False
AMT,PEP,0.520583,0.520583,0.979201,False
SLB,SPG,0.519233,0.519233,0.980578,False
NEE,PEP,0.518979,0.518979,0.980837,False
HD,PEP,0.517916,0.517916,0.981921,False
SPG,UNP,0.517713,0.517713,0.982127,False
NEE,PLD,0.517044,0.517044,0.982808,False
AAPL,COST,0.516942,0.516942,0.982912,False
AAPL,CRM,0.516840,0.516840,0.983016,True
CRM,GOOGL,0.516636,0.516636,0.983223,False
CAT,EOG,0.516276,0.516276,0.983589,False
COP,HON,0.514664,0.514664,0.985227,False
GS,SBUX,0.514293,0.514293,0.985603,False
HON,SLB,0.512305,0.512305,0.987618,False
EOG,JPM,0.511816,0.511816,0.988113,False
DUK,MCD,0.511652,0.511652,0.988279,False
HON,SBUX,0.510857,0.510857,0.989083,False
MS,PLD,0.510842,0.510842,0.989099,False
HON,XOM,0.510652,0.510652,0.989291,False
GE,SPG,0.509914,0.509914,0.990036,False
JNJ,PFE,0.509260,0.509260,0.990697,True
HD,SBUX,0.509218,0.509218,0.990739,True
JNJ,MRK,0.509087,0.509087,0.990871,True
AAPL,PLD,0.508790,0.508790,0.991171,False
MS,MSFT,0.508518,0.508518,0.991445,False
KO,NEE,0.507843,0.507843,0.992126,False
AMT,KO,0.507631,0.507631,0.992340,False
COP,UNP,0.507072,0.507072,0.992903,False
DIS,SPG,0.507037,0.507037,0.992938,False
DUK,T,0.506396,0.506396,0.993583,False
AEP,PLD,0.506249,0.506249,0.993731,False
DIS,SBUX,0.505977,0.505977,0.994005,False
MCD,SO,0.505169,0.505169,0.994818,False
HON,NKE,0.503657,0.503657,0.996336,False
HD,NKE,0.503460,0.503460,0.996534,True
JPM,SBUX,0.503380,0.503380,0.996614,False
PEP,PLD,0.502500,0.502500,0.997497,False
AAPL,MS,0.501373,0.501373,0.998626,False
HD,SPG,0.500895,0.500895,0.999105,False
NEE,PG,0.500729,0.500729,0.999271,False
SO,T,0.500372,0.500372,0.999628,False
CRM,META,0.500346,0.500346,0.999654,False
